ngram_range,max_features,min_df,umap_dims,eps,min_samples,num_clusters,noise_ratio,silhouette_score,davies_bouldin_score
"(1, 1)",1000,2,2,0.2,5,103,0.011329866270430906,0.2968325912952423,1.0356685770682843
"(1, 1)",1000,2,2,0.2,10,94,0.05739227340267459,0.38995012640953064,1.5331979511505311
"(1, 1)",1000,2,2,0.2,15,85,0.12221396731054977,0.4073749780654907,1.6273438678828211
"(1, 1)",1000,2,2,0.4,5,69,0.001114413075780089,0.3026553690433502,0.6686353677180825
"(1, 1)",1000,2,2,0.4,10,60,0.015230312035661218,0.28272438049316406,2.085265192183824
"(1, 1)",1000,2,2,0.4,15,53,0.04030460624071323,0.33425965905189514,1.59317586729787
"(1, 1)",1000,2,2,0.6,5,59,0.0,0.36966031789779663,0.24961844664237617
"(1, 1)",1000,2,2,0.6,10,49,0.014673105497771174,0.34895315766334534,1.437891445777616
"(1, 1)",1000,2,2,0.6,15,41,0.03287518573551263,0.3517628014087677,1.5849372438912905
"(1, 1)",1000,2,2,0.8,5,50,0.0,0.15308526158332825,0.3215105423831537
"(1, 1)",1000,2,2,0.8,10,42,0.01263001485884101,0.18236307799816132,1.5675400330219857
"(1, 1)",1000,2,2,0.8,15,37,0.024145616641901933,0.16458885371685028,1.7244104242763065
"(1, 1)",1000,2,2,1.0,5,47,0.0,0.20817378163337708,0.2917837532936584
"(1, 1)",1000,2,2,1.0,10,38,0.01263001485884101,0.23385712504386902,1.4579312353372313
"(1, 1)",1000,2,2,1.0,15,33,0.024145616641901933,0.2213098257780075,1.52687299041382
"(1, 1)",1000,2,5,0.2,5,165,0.08506686478454681,0.43696239590644836,0.8417585648780491
"(1, 1)",1000,2,5,0.2,10,125,0.20040861812778604,0.3917243480682373,0.9447245224882428
"(1, 1)",1000,2,5,0.2,15,93,0.33079494799405645,0.24941767752170563,1.0234743459096507
"(1, 1)",1000,2,5,0.4,5,71,0.0029717682020802376,0.3673633933067322,0.6003467462599867
"(1, 1)",1000,2,5,0.4,10,62,0.025817236255572064,0.4272817373275757,1.5196436972745406
"(1, 1)",1000,2,5,0.4,15,63,0.05962109955423477,0.4535087049007416,1.6654518888046488
"(1, 1)",1000,2,5,0.6,5,60,0.0,0.3451618552207947,0.3525616452365346
"(1, 1)",1000,2,5,0.6,10,53,0.011701337295690936,0.3286617398262024,1.6055853320361082
"(1, 1)",1000,2,5,0.6,15,42,0.036404160475482915,0.34510689973831177,1.5336896319353226
"(1, 1)",1000,2,5,0.8,5,53,0.0,0.43209728598594666,0.2896461266156547
"(1, 1)",1000,2,5,0.8,10,45,0.011329866270430906,0.4170476794242859,1.431454556621537
"(1, 1)",1000,2,5,0.8,15,37,0.02953194650817236,0.4080580174922943,1.5225450558403673
"(1, 1)",1000,2,5,1.0,5,49,0.0,0.42078426480293274,0.27943332370328905
"(1, 1)",1000,2,5,1.0,10,41,0.011329866270430906,0.40594154596328735,1.3569094251517257
"(1, 1)",1000,2,5,1.0,15,34,0.0274888558692422,0.4124690890312195,1.455516185780915
"(1, 1)",1000,2,10,0.2,5,164,0.10884101040118871,0.413753867149353,0.7672053409628654
"(1, 1)",1000,2,10,0.2,10,122,0.23829866270430908,0.366523414850235,0.889930246917107
"(1, 1)",1000,2,10,0.2,15,94,0.3532689450222883,0.22342617809772491,0.9256530133301266
"(1, 1)",1000,2,10,0.4,5,79,0.005943536404160475,0.3750106692314148,0.5784358423648557
"(1, 1)",1000,2,10,0.4,10,72,0.030274888558692422,0.36009469628334045,1.3586472505714697
"(1, 1)",1000,2,10,0.4,15,66,0.07485141158989599,0.4292019307613373,1.4082386072581003
"(1, 1)",1000,2,10,0.6,5,64,0.0,0.4089410901069641,0.3330152278567436
"(1, 1)",1000,2,10,0.6,10,53,0.015973254086181277,0.40310636162757874,1.366791547482257
"(1, 1)",1000,2,10,0.6,15,43,0.04049034175334324,0.40656787157058716,1.2899532810636365
"(1, 1)",1000,2,10,0.8,5,55,0.0,0.4147912859916687,0.32629655157283743
"(1, 1)",1000,2,10,0.8,10,47,0.011329866270430906,0.40106645226478577,1.2940628295157606
"(1, 1)",1000,2,10,0.8,15,39,0.029346210995542348,0.4232088327407837,1.3440840934123994
"(1, 1)",1000,2,10,1.0,5,49,0.0,0.3611418902873993,0.3177762502366437
"(1, 1)",1000,2,10,1.0,10,41,0.011329866270430906,0.34741708636283875,1.2886175551627963
"(1, 1)",1000,2,10,1.0,15,33,0.029346210995542348,0.39936190843582153,1.31860563741432
"(1, 1)",1000,2,20,0.2,5,160,0.10828380386329867,0.4327733516693115,0.8602576306157363
"(1, 1)",1000,2,20,0.2,10,122,0.22826894502228826,0.37252432107925415,0.8826384645531742
"(1, 1)",1000,2,20,0.2,15,92,0.3610698365527489,0.21183833479881287,0.9323414344269516
"(1, 1)",1000,2,20,0.4,5,76,0.004086181277860327,0.2882135212421417,0.6064642121143246
"(1, 1)",1000,2,20,0.4,10,71,0.029903417533432394,0.359936386346817,1.3581044949489691
"(1, 1)",1000,2,20,0.4,15,65,0.07113670133729569,0.4674796462059021,1.413503307297936
"(1, 1)",1000,2,20,0.6,5,62,0.0,0.39968323707580566,0.3274594490523404
"(1, 1)",1000,2,20,0.6,10,53,0.012815750371471025,0.3836252689361572,1.494238115905389
"(1, 1)",1000,2,20,0.6,15,43,0.035846953937592865,0.4097042381763458,1.3203931687668629
"(1, 1)",1000,2,20,0.8,5,56,0.0,0.3307332396507263,0.35540674720218707
"(1, 1)",1000,2,20,0.8,10,48,0.011329866270430906,0.31542083621025085,1.3490972946434445
"(1, 1)",1000,2,20,0.8,15,39,0.03138930163447251,0.34327107667922974,1.2574309294379011
"(1, 1)",1000,2,20,1.0,5,53,0.0,0.34100064635276794,0.32840805461969197
"(1, 1)",1000,2,20,1.0,10,45,0.011329866270430906,0.3256882429122925,1.350266511212847
"(1, 1)",1000,2,20,1.0,15,36,0.03138930163447251,0.36510246992111206,1.2559292078247604
"(1, 1)",1000,2,50,0.2,5,163,0.11032689450222882,0.43805843591690063,0.8148650748764312
"(1, 1)",1000,2,50,0.2,10,122,0.23291233283803864,0.3565707802772522,0.9695127320698723
"(1, 1)",1000,2,50,0.2,15,88,0.3584695393759287,0.21975843608379364,0.9102031028269961
"(1, 1)",1000,2,50,0.4,5,76,0.005200594353640416,0.3706252872943878,0.5200388041574047
"(1, 1)",1000,2,50,0.4,10,70,0.0287890044576523,0.36224818229675293,1.3142662584103793
"(1, 1)",1000,2,50,0.4,15,66,0.08172362555720654,0.4047101140022278,1.4325169111924458
"(1, 1)",1000,2,50,0.6,5,62,0.0,0.38604092597961426,0.3364575024746785
"(1, 1)",1000,2,50,0.6,10,54,0.01263001485884101,0.3908620774745941,1.3563951072451887
"(1, 1)",1000,2,50,0.6,15,43,0.038818722139673106,0.4180715084075928,1.2626957163651116
"(1, 1)",1000,2,50,0.8,5,59,0.0,0.41555699706077576,0.3198214376015179
"(1, 1)",1000,2,50,0.8,10,51,0.011329866270430906,0.4031127989292145,1.342111078418427
"(1, 1)",1000,2,50,0.8,15,41,0.03361812778603269,0.4207930862903595,1.3021356285539973
"(1, 1)",1000,2,50,1.0,5,55,0.0,0.30576154589653015,0.3697929968908998
"(1, 1)",1000,2,50,1.0,10,47,0.011329866270430906,0.29333001375198364,1.3237345504860765
"(1, 1)",1000,2,50,1.0,15,39,0.033060921248142645,0.44010382890701294,1.3097887254373046
"(1, 1)",1000,2,100,0.2,5,161,0.11404160475482912,0.4458995759487152,0.811615640126151
"(1, 1)",1000,2,100,0.2,10,118,0.2386701337295691,0.3694414496421814,0.9787258793436734
"(1, 1)",1000,2,100,0.2,15,95,0.3590267459138187,0.20174656808376312,0.9425833660919639
"(1, 1)",1000,2,100,0.4,5,77,0.0035289747399702824,0.26346686482429504,0.5885995103523493
"(1, 1)",1000,2,100,0.4,10,73,0.02897473997028232,0.3580954968929291,1.3665200355249856
"(1, 1)",1000,2,100,0.4,15,61,0.07429420505200594,0.39489051699638367,1.4023330984838487
"(1, 1)",1000,2,100,0.6,5,61,0.0,0.32363954186439514,0.3590774640482454
"(1, 1)",1000,2,100,0.6,10,53,0.01225854383358098,0.30935636162757874,1.3751103345758688
"(1, 1)",1000,2,100,0.6,15,42,0.04011887072808321,0.4182756841182709,1.3114394710164516
"(1, 1)",1000,2,100,0.8,5,56,0.0,0.4052838683128357,0.32028299612331235
"(1, 1)",1000,2,100,0.8,10,48,0.011329866270430906,0.39111191034317017,1.3169390552485358
"(1, 1)",1000,2,100,0.8,15,40,0.03138930163447251,0.4371492862701416,1.3621192756334226
"(1, 1)",1000,2,100,1.0,5,45,0.0,0.2947942614555359,0.3214571608706807
"(1, 1)",1000,2,100,1.0,10,37,0.011329866270430906,0.2809085547924042,1.2067221121505727
"(1, 1)",1000,2,100,1.0,15,30,0.029346210995542348,0.3491196930408478,1.2376266210137705
"(1, 1)",3000,2,2,0.2,5,107,0.012815750371471025,0.34613072872161865,1.3036625198816365
"(1, 1)",3000,2,2,0.2,10,96,0.05572065378900446,0.43664559721946716,1.5414944632103367
"(1, 1)",3000,2,2,0.2,15,85,0.1350297176820208,0.4076467752456665,1.8606718094085966
"(1, 1)",3000,2,2,0.4,5,69,0.0005572065378900445,0.28817376494407654,0.9224690895029206
"(1, 1)",3000,2,2,0.4,10,58,0.016530460624071323,0.2782113552093506,1.353427066438256
"(1, 1)",3000,2,2,0.4,15,44,0.04736255572065379,0.25434693694114685,1.2835754331632794
"(1, 1)",3000,2,2,0.6,5,63,0.0,0.36035609245300293,0.2541768501373285
"(1, 1)",3000,2,2,0.6,10,53,0.014858841010401188,0.37904953956604004,1.3087464891432172
"(1, 1)",3000,2,2,0.6,15,40,0.04327637444279346,0.3559419810771942,1.2815266439096207
"(1, 1)",3000,2,2,0.8,5,61,0.0,0.33962902426719666,0.250621066796634
"(1, 1)",3000,2,2,0.8,10,51,0.01411589895988113,0.35808438062667847,1.30822346693616
"(1, 1)",3000,2,2,0.8,15,38,0.042533432392273404,0.35987383127212524,1.2211267683843003
"(1, 1)",3000,2,2,1.0,5,57,0.0,0.4176168739795685,0.2422216589134863
"(1, 1)",3000,2,2,1.0,10,48,0.012815750371471025,0.4044758975505829,1.312964264463501
"(1, 1)",3000,2,2,1.0,15,36,0.03956166419019316,0.4079742133617401,1.2633650482022893
"(1, 1)",3000,2,5,0.2,5,145,0.07596582466567607,0.47324883937835693,0.8252326638996329
"(1, 1)",3000,2,5,0.2,10,124,0.17979197622585438,0.4170115888118744,1.1823990945865621
"(1, 1)",3000,2,5,0.2,15,94,0.33079494799405645,0.23462410271167755,1.430458860580518
"(1, 1)",3000,2,5,0.4,5,77,0.002786032689450223,0.2968694865703583,0.5072205110604178
"(1, 1)",3000,2,5,0.4,10,70,0.025817236255572064,0.3648010790348053,1.1531821590158242
"(1, 1)",3000,2,5,0.4,15,60,0.06890787518573552,0.32467353343963623,1.8443140802619649
"(1, 1)",3000,2,5,0.6,5,63,0.0,0.3986871838569641,0.29331375581247304
"(1, 1)",3000,2,5,0.6,10,53,0.015230312035661218,0.4370817244052887,1.1252413656955755
"(1, 1)",3000,2,5,0.6,15,41,0.04364784546805349,0.39919355511665344,1.4237471058166362
"(1, 1)",3000,2,5,0.8,5,58,0.0,0.27420008182525635,0.32108237899665365
"(1, 1)",3000,2,5,0.8,10,47,0.015044576523031204,0.32585737109184265,0.9936495922262448
"(1, 1)",3000,2,5,0.8,15,34,0.043462109955423475,0.3016294836997986,1.2283147581111178
"(1, 1)",3000,2,5,1.0,5,54,0.0,0.29301658272743225,0.29970680534232597
"(1, 1)",3000,2,5,1.0,10,46,0.01188707280832095,0.32554203271865845,1.110979354768052
"(1, 1)",3000,2,5,1.0,15,33,0.0412332838038633,0.30756065249443054,1.2485600258918783
"(1, 1)",3000,2,10,0.2,5,152,0.08952451708766716,0.44385719299316406,0.8440233261984267
"(1, 1)",3000,2,10,0.2,10,122,0.20059435364041606,0.38655102252960205,0.8783058642691266
"(1, 1)",3000,2,10,0.2,15,91,0.350482912332838,0.21578948199748993,1.1264148576447717
"(1, 1)",3000,2,10,0.4,5,80,0.002600297176820208,0.2749667465686798,0.5184837631547976
"(1, 1)",3000,2,10,0.4,10,73,0.02897473997028232,0.38624492287635803,0.9927694816471213
"(1, 1)",3000,2,10,0.4,15,60,0.07708023774145617,0.38579949736595154,1.368398554649205
"(1, 1)",3000,2,10,0.6,5,63,0.0,0.3556237518787384,0.32862929760483145
"(1, 1)",3000,2,10,0.6,10,53,0.014858841010401188,0.44641754031181335,0.9288114507433493
"(1, 1)",3000,2,10,0.6,15,41,0.04179049034175334,0.4230092763900757,1.2537241369143062
"(1, 1)",3000,2,10,0.8,5,56,0.0,0.30234193801879883,0.3255923911795441
"(1, 1)",3000,2,10,0.8,10,46,0.013558692421991085,0.3588312566280365,0.880131015708053
"(1, 1)",3000,2,10,0.8,15,34,0.04011887072808321,0.3344321548938751,1.1750127410783322
"(1, 1)",3000,2,10,1.0,5,55,0.0,0.3278577923774719,0.31325191152723686
"(1, 1)",3000,2,10,1.0,10,46,0.01263001485884101,0.35929074883461,0.9059217292008257
"(1, 1)",3000,2,10,1.0,15,34,0.039190193164933135,0.3349727690219879,1.190214903815919
"(1, 1)",3000,2,20,0.2,5,159,0.09101040118870728,0.43612053990364075,0.8412416424845877
"(1, 1)",3000,2,20,0.2,10,123,0.2085809806835067,0.379984974861145,0.9024661504653873
"(1, 1)",3000,2,20,0.2,15,91,0.35698365527488857,0.19808152318000793,1.1249052086470757
"(1, 1)",3000,2,20,0.4,5,78,0.003900445765230312,0.29326972365379333,0.922285799637635
"(1, 1)",3000,2,20,0.4,10,72,0.02711738484398217,0.40953192114830017,1.1296570544931026
"(1, 1)",3000,2,20,0.4,15,62,0.07262258543833582,0.3866567313671112,1.338255224580755
"(1, 1)",3000,2,20,0.6,5,65,0.0007429420505200594,0.26382750272750854,0.6009558816539534
"(1, 1)",3000,2,20,0.6,10,55,0.017087667161961365,0.34764939546585083,1.0560364748139117
"(1, 1)",3000,2,20,0.6,15,44,0.04791976225854384,0.25830405950546265,1.2247944507179722
"(1, 1)",3000,2,20,0.8,5,60,0.0,0.301516056060791,0.3387891252320314
"(1, 1)",3000,2,20,0.8,10,50,0.013558692421991085,0.33527871966362,1.011909128816954
"(1, 1)",3000,2,20,0.8,15,39,0.04011887072808321,0.322823703289032,1.0508413547300341
"(1, 1)",3000,2,20,1.0,5,52,0.0,0.3551134765148163,0.29535742072341664
"(1, 1)",3000,2,20,1.0,10,44,0.011329866270430906,0.4116887152194977,1.0073235315300373
"(1, 1)",3000,2,20,1.0,15,33,0.037518573551263,0.3898739814758301,1.0138513825645046
"(1, 1)",3000,2,50,0.2,5,155,0.09806835066864784,0.4390403926372528,0.9056439698068178
"(1, 1)",3000,2,50,0.2,10,129,0.2148959881129272,0.3695210814476013,0.9232920063820282
"(1, 1)",3000,2,50,0.2,15,93,0.35289747399702825,0.21847687661647797,1.0682686970761195
"(1, 1)",3000,2,50,0.4,5,83,0.004457652303120356,0.3073680102825165,0.8841422949941025
"(1, 1)",3000,2,50,0.4,10,75,0.03287518573551263,0.4415470063686371,1.099281220413496
"(1, 1)",3000,2,50,0.4,15,61,0.07968053491827637,0.3956831991672516,1.3616895812208876
"(1, 1)",3000,2,50,0.6,5,66,0.0,0.3954254984855652,0.30829535657264706
"(1, 1)",3000,2,50,0.6,10,55,0.016530460624071323,0.41540616750717163,1.0329369865766815
"(1, 1)",3000,2,50,0.6,15,43,0.049219910846953936,0.3085911273956299,1.216599656841774
"(1, 1)",3000,2,50,0.8,5,57,0.0,0.3102356791496277,0.30843086920911783
"(1, 1)",3000,2,50,0.8,10,47,0.014858841010401188,0.3385867178440094,0.9780931472782218
"(1, 1)",3000,2,50,0.8,15,34,0.04550520059435364,0.34164419770240784,1.1014036093923363
"(1, 1)",3000,2,50,1.0,5,54,0.0,0.3327435553073883,0.293549478822722
"(1, 1)",3000,2,50,1.0,10,46,0.011329866270430906,0.3431779146194458,0.9903694898200085
"(1, 1)",3000,2,50,1.0,15,33,0.04141901931649331,0.35087865591049194,1.0795997826198507
"(1, 1)",3000,2,100,0.2,5,156,0.09416790490341753,0.4266780912876129,0.9150069870763788
"(1, 1)",3000,2,100,0.2,10,127,0.21545319465081725,0.3733498156070709,0.9218655792619408
"(1, 1)",3000,2,100,0.2,15,95,0.34416790490341753,0.21418523788452148,1.1038975664962838
"(1, 1)",3000,2,100,0.4,5,80,0.0029717682020802376,0.30208462476730347,0.5264740550116536
"(1, 1)",3000,2,100,0.4,10,71,0.030274888558692422,0.3768245577812195,1.1400355210742275
"(1, 1)",3000,2,100,0.4,15,63,0.07095096582466567,0.40216881036758423,1.3626569036667426
"(1, 1)",3000,2,100,0.6,5,65,0.0,0.4091077744960785,0.2959391741186471
"(1, 1)",3000,2,100,0.6,10,55,0.015044576523031204,0.46415939927101135,1.1048939045557067
"(1, 1)",3000,2,100,0.6,15,44,0.043462109955423475,0.3310609757900238,1.2486306994166687
"(1, 1)",3000,2,100,0.8,5,60,0.0,0.3661487102508545,0.30542506977174005
"(1, 1)",3000,2,100,0.8,10,50,0.015044576523031204,0.40832850337028503,1.0636858895257904
"(1, 1)",3000,2,100,0.8,15,37,0.043462109955423475,0.38400572538375854,1.1640150619752043
"(1, 1)",3000,2,100,1.0,5,57,0.0,0.29701435565948486,0.3220635527161318
"(1, 1)",3000,2,100,1.0,10,47,0.01411589895988113,0.3384900987148285,1.0785958045757198
"(1, 1)",3000,2,100,1.0,15,34,0.042533432392273404,0.3236629366874695,1.1590050924520026
"(1, 1)",5000,2,2,0.2,5,97,0.008729569093610699,0.3505432903766632,0.6332456333574985
"(1, 1)",5000,2,2,0.2,10,93,0.05070579494799406,0.3675420880317688,2.0999037955315285
"(1, 1)",5000,2,2,0.2,15,91,0.1326151560178306,0.3450438380241394,1.9932027538087476
"(1, 1)",5000,2,2,0.4,5,73,0.0005572065378900445,0.25988879799842834,0.44822255768169217
"(1, 1)",5000,2,2,0.4,10,59,0.023402674591381872,0.30609771609306335,1.2413801702168692
"(1, 1)",5000,2,2,0.4,15,48,0.05163447251114413,0.35451459884643555,1.9792215522072525
"(1, 1)",5000,2,2,0.6,5,65,0.0,0.30519917607307434,0.2634249687910056
"(1, 1)",5000,2,2,0.6,10,51,0.019130757800891532,0.33589258790016174,1.4895600575317611
"(1, 1)",5000,2,2,0.6,15,39,0.046433878157503716,0.3382582366466522,2.5395959376301165
"(1, 1)",5000,2,2,0.8,5,61,0.0,0.33301183581352234,0.25969587511381176
"(1, 1)",5000,2,2,0.8,10,49,0.01634472511144131,0.3237142562866211,1.7015665047893243
"(1, 1)",5000,2,2,0.8,15,37,0.042533432392273404,0.3261018395423889,2.0888025563459505
"(1, 1)",5000,2,2,1.0,5,60,0.0,0.30006328225135803,0.2615585120535996
"(1, 1)",5000,2,2,1.0,10,48,0.01634472511144131,0.29091086983680725,1.676413317408361
"(1, 1)",5000,2,2,1.0,15,36,0.042533432392273404,0.2931095361709595,1.3406340046028777
"(1, 1)",5000,2,5,0.2,5,155,0.08933878157503715,0.41181790828704834,0.8395529717141617
"(1, 1)",5000,2,5,0.2,10,128,0.1976225854383358,0.3679857552051544,1.0037185473023231
"(1, 1)",5000,2,5,0.2,15,100,0.32819465081723626,0.24197442829608917,1.2250319581513098
"(1, 1)",5000,2,5,0.4,5,73,0.004086181277860327,0.19663318991661072,0.593323167837126
"(1, 1)",5000,2,5,0.4,10,60,0.027674591381872213,0.2519225478172302,0.9311792887164363
"(1, 1)",5000,2,5,0.4,15,53,0.0700222882615156,0.3164905905723572,1.4253496781406
"(1, 1)",5000,2,5,0.6,5,64,0.0,0.3021906018257141,0.32397808336700906
"(1, 1)",5000,2,5,0.6,10,50,0.020059435364041606,0.32686254382133484,0.850165474344376
"(1, 1)",5000,2,5,0.6,15,40,0.0462481426448737,0.2600555717945099,1.1977619395169563
"(1, 1)",5000,2,5,0.8,5,60,0.0,0.30973923206329346,0.313096674198238
"(1, 1)",5000,2,5,0.8,10,48,0.017273402674591383,0.31266045570373535,0.9311806016005225
"(1, 1)",5000,2,5,0.8,15,35,0.04606240713224369,0.3439696431159973,1.1268495177376274
"(1, 1)",5000,2,5,1.0,5,56,0.0,0.3659926652908325,0.2966553225335205
"(1, 1)",5000,2,5,1.0,10,46,0.01337295690936107,0.35133665800094604,0.9490961141364128
"(1, 1)",5000,2,5,1.0,15,34,0.04011887072808321,0.43227726221084595,1.1654136593007927
"(1, 1)",5000,2,10,0.2,5,165,0.10271173848439821,0.4216517210006714,0.8326474471947028
"(1, 1)",5000,2,10,0.2,10,125,0.21675334323922735,0.3579716980457306,0.9416649048325589
"(1, 1)",5000,2,10,0.2,15,95,0.3476968796433878,0.21976812183856964,1.1159848231476097
"(1, 1)",5000,2,10,0.4,5,77,0.007057949479940565,0.27328401803970337,0.6265453018189984
"(1, 1)",5000,2,10,0.4,10,66,0.03677563150074294,0.2845744788646698,1.0139930920273332
"(1, 1)",5000,2,10,0.4,15,57,0.07763744427934621,0.31831562519073486,1.2187469540256504
"(1, 1)",5000,2,10,0.6,5,65,0.0005572065378900445,0.21924909949302673,0.37456879238180085
"(1, 1)",5000,2,10,0.6,10,51,0.019130757800891532,0.3270071744918823,1.0425095878629853
"(1, 1)",5000,2,10,0.6,15,40,0.04569093610698365,0.3319341838359833,1.0974194577146459
"(1, 1)",5000,2,10,0.8,5,57,0.0,0.34729042649269104,0.3178831538485823
"(1, 1)",5000,2,10,0.8,10,47,0.0137444279346211,0.32820847630500793,1.1147664333380736
"(1, 1)",5000,2,10,0.8,15,35,0.041604754829123326,0.34277090430259705,1.1376300605886605
"(1, 1)",5000,2,10,1.0,5,53,0.0,0.43031904101371765,0.2807860773461416
"(1, 1)",5000,2,10,1.0,10,43,0.0137444279346211,0.41783779859542847,1.0794405489726424
"(1, 1)",5000,2,10,1.0,15,32,0.04049034175334324,0.4498286843299866,1.1024074167438087
"(1, 1)",5000,2,20,0.2,5,161,0.0962109955423477,0.39559468626976013,0.8649564256580637
"(1, 1)",5000,2,20,0.2,10,125,0.21842496285289748,0.3563680350780487,0.9119869837516932
"(1, 1)",5000,2,20,0.2,15,101,0.35271173848439824,0.2022191286087036,1.014865771913543
"(1, 1)",5000,2,20,0.4,5,76,0.00612927191679049,0.28875619173049927,0.4899838781437664
"(1, 1)",5000,2,20,0.4,10,67,0.03064635958395245,0.3141244947910309,1.1333447432539874
"(1, 1)",5000,2,20,0.4,15,57,0.07225111441307577,0.3693162202835083,1.2822827656384483
"(1, 1)",5000,2,20,0.6,5,61,0.0003714710252600297,0.3168058693408966,0.3490542793176684
"(1, 1)",5000,2,20,0.6,10,51,0.01634472511144131,0.32492345571517944,1.1810594819055664
"(1, 1)",5000,2,20,0.6,15,40,0.043462109955423475,0.3526163399219513,1.2227188540784586
"(1, 1)",5000,2,20,0.8,5,60,0.0,0.3439900577068329,0.3153001755539062
"(1, 1)",5000,2,20,0.8,10,48,0.015973254086181277,0.3328227400779724,1.1382250872834352
"(1, 1)",5000,2,20,0.8,15,36,0.04290490341753343,0.36231735348701477,1.1356069120066323
"(1, 1)",5000,2,20,1.0,5,59,0.0,0.3547813594341278,0.3077018002811447
"(1, 1)",5000,2,20,1.0,10,47,0.015973254086181277,0.3466673791408539,1.1191173253995208
"(1, 1)",5000,2,20,1.0,15,35,0.04290490341753343,0.430797278881073,1.1045744749658317
"(1, 1)",5000,2,50,0.2,5,164,0.0962109955423477,0.41718509793281555,0.7997194439846711
"(1, 1)",5000,2,50,0.2,10,129,0.22065378900445765,0.34388381242752075,0.9373733116253301
"(1, 1)",5000,2,50,0.2,15,95,0.3545690936106984,0.20773346722126007,1.0521574322149816
"(1, 1)",5000,2,50,0.4,5,76,0.007986627043090638,0.33071383833885193,0.4685798928730953
"(1, 1)",5000,2,50,0.4,10,62,0.0338038632986627,0.3165728449821472,1.0993121133151706
"(1, 1)",5000,2,50,0.4,15,57,0.0774517087667162,0.41372281312942505,1.4266587417155439
"(1, 1)",5000,2,50,0.6,5,65,0.0,0.3425917327404022,0.3412855230500763
"(1, 1)",5000,2,50,0.6,10,53,0.01764487369985141,0.42440328001976013,1.1329404094463371
"(1, 1)",5000,2,50,0.6,15,41,0.0462481426448737,0.435225248336792,1.2586795701596825
"(1, 1)",5000,2,50,0.8,5,61,0.0,0.34558403491973877,0.3165612972202959
"(1, 1)",5000,2,50,0.8,10,48,0.017459138187221397,0.3395172953605652,1.0861497851949544
"(1, 1)",5000,2,50,0.8,15,35,0.04606240713224369,0.3561236262321472,1.1673214839811341
"(1, 1)",5000,2,50,1.0,5,58,0.0,0.4153314530849457,0.2963730788563269
"(1, 1)",5000,2,50,1.0,10,46,0.01634472511144131,0.39667293429374695,1.0642386908954637
"(1, 1)",5000,2,50,1.0,15,34,0.04290490341753343,0.45236656069755554,1.1538004853072052
"(1, 1)",5000,2,100,0.2,5,164,0.1062407132243685,0.43759557604789734,0.8173233269578518
"(1, 1)",5000,2,100,0.2,10,121,0.23179791976225855,0.34125590324401855,0.9001210114848388
"(1, 1)",5000,2,100,0.2,15,93,0.37054234769687966,0.19991081953048706,1.008392956549385
"(1, 1)",5000,2,100,0.4,5,73,0.00650074294205052,0.2694796919822693,0.47908223491212815
"(1, 1)",5000,2,100,0.4,10,68,0.029346210995542348,0.36598870158195496,1.24603655297148
"(1, 1)",5000,2,100,0.4,15,54,0.07726597325408618,0.3339542746543884,1.3594749707509541
"(1, 1)",5000,2,100,0.6,5,65,0.0,0.4255339205265045,0.2922718543328293
"(1, 1)",5000,2,100,0.6,10,52,0.017459138187221397,0.4234163761138916,1.2119635198771341
"(1, 1)",5000,2,100,0.6,15,39,0.046433878157503716,0.43308624625205994,1.3024594839205728
"(1, 1)",5000,2,100,0.8,5,60,0.0,0.353463739156723,0.30685010632591075
"(1, 1)",5000,2,100,0.8,10,48,0.016716196136701337,0.33622661232948303,1.1773897141108665
"(1, 1)",5000,2,100,0.8,15,35,0.04550520059435364,0.3630724251270294,1.244330458975869
"(1, 1)",5000,2,100,1.0,5,57,0.0,0.37823572754859924,0.28904020314550904
"(1, 1)",5000,2,100,1.0,10,47,0.013930163447251115,0.3623586595058441,1.2253970972253734
"(1, 1)",5000,2,100,1.0,15,34,0.04271916790490342,0.4667648673057556,1.2383583331699173
"(1, 2)",1000,2,2,0.2,5,107,0.013187221396731055,0.38168013095855713,0.8125611338831326
"(1, 2)",1000,2,2,0.2,10,97,0.054049034175334326,0.39993545413017273,1.4339174566089619
"(1, 2)",1000,2,2,0.2,15,89,0.125,0.3376657962799072,1.7085460944063091
"(1, 2)",1000,2,2,0.4,5,72,0.0007429420505200594,0.3414257764816284,0.9853159670048464
"(1, 2)",1000,2,2,0.4,10,61,0.017087667161961365,0.3404434025287628,1.6281410033224588
"(1, 2)",1000,2,2,0.4,15,51,0.045319465081723624,0.3445852994918823,1.692749490478616
"(1, 2)",1000,2,2,0.6,5,51,0.0,0.2852196991443634,0.28110218046054336
"(1, 2)",1000,2,2,0.6,10,46,0.009658246656760773,0.3613412380218506,1.8698281628182691
"(1, 2)",1000,2,2,0.6,15,36,0.03176077265973254,0.36851638555526733,2.0200037662322017
"(1, 2)",1000,2,2,0.8,5,50,0.0,0.2573508024215698,0.28443990907233796
"(1, 2)",1000,2,2,0.8,10,44,0.009658246656760773,0.32030025124549866,1.827000662550215
"(1, 2)",1000,2,2,0.8,15,34,0.03176077265973254,0.3407847285270691,1.9848996682542357
"(1, 2)",1000,2,2,1.0,5,47,0.0,0.11385921388864517,0.3342490018786964
"(1, 2)",1000,2,2,1.0,10,40,0.009658246656760773,0.11584655940532684,1.750759117596602
"(1, 2)",1000,2,2,1.0,15,30,0.03176077265973254,0.16745807230472565,1.9624654963117578
"(1, 2)",1000,2,5,0.2,5,160,0.08971025260029718,0.4450172185897827,0.8751435104083466
"(1, 2)",1000,2,5,0.2,10,125,0.20152303120356613,0.3929160535335541,0.9206489359787444
"(1, 2)",1000,2,5,0.2,15,94,0.325037147102526,0.25494185090065,1.0244950925395717
"(1, 2)",1000,2,5,0.4,5,87,0.005200594353640416,0.3722335994243622,0.641200515432264
"(1, 2)",1000,2,5,0.4,10,79,0.030274888558692422,0.37743517756462097,1.406581246514441
"(1, 2)",1000,2,5,0.4,15,67,0.07057949479940565,0.39579758048057556,1.5564104375679755
"(1, 2)",1000,2,5,0.6,5,58,0.0003714710252600297,0.32831400632858276,0.37422096896485385
"(1, 2)",1000,2,5,0.6,10,51,0.010586924219910848,0.3633349537849426,1.114189385978247
"(1, 2)",1000,2,5,0.6,15,44,0.03287518573551263,0.3264455497264862,1.8314441403107338
"(1, 2)",1000,2,5,0.8,5,55,0.0,0.3423705995082855,0.36147806392842907
"(1, 2)",1000,2,5,0.8,10,48,0.009101040118870729,0.36186715960502625,1.0312302689407025
"(1, 2)",1000,2,5,0.8,15,39,0.029903417533432394,0.38150015473365784,1.8674344817271973
"(1, 2)",1000,2,5,1.0,5,45,0.0,0.3128780126571655,0.3031001533467664
"(1, 2)",1000,2,5,1.0,10,39,0.008172362555720654,0.33242008090019226,0.9401919534389606
"(1, 2)",1000,2,5,1.0,15,32,0.024331352154531947,0.36501720547676086,1.7686360209878178
"(1, 2)",1000,2,10,0.2,5,165,0.10698365527488855,0.42646244168281555,0.8268833139000451
"(1, 2)",1000,2,10,0.2,10,117,0.22659732540861813,0.3798738420009613,0.8755021939515657
"(1, 2)",1000,2,10,0.2,15,95,0.33450965824665674,0.2547590136528015,0.9249111393885863
"(1, 2)",1000,2,10,0.4,5,83,0.005757800891530461,0.3966963291168213,0.5750992015338633
"(1, 2)",1000,2,10,0.4,10,76,0.03268945022288262,0.41048896312713623,1.2873534884349849
"(1, 2)",1000,2,10,0.4,15,67,0.0737369985141159,0.4153362512588501,1.4504770408225667
"(1, 2)",1000,2,10,0.6,5,66,0.0005572065378900445,0.3405541479587555,0.42642275004390495
"(1, 2)",1000,2,10,0.6,10,62,0.010215453194650817,0.3963603675365448,1.500381022641985
"(1, 2)",1000,2,10,0.6,15,53,0.038818722139673106,0.405567467212677,1.4612950169871217
"(1, 2)",1000,2,10,0.8,5,49,0.00018573551263001485,0.29058369994163513,0.3568697365966157
"(1, 2)",1000,2,10,0.8,10,43,0.008358098068350668,0.36935508251190186,1.237198189349483
"(1, 2)",1000,2,10,0.8,15,36,0.027674591381872213,0.372084379196167,1.3040785720861543
"(1, 2)",1000,2,10,1.0,5,44,0.0,0.3908158242702484,0.31087419700296676
"(1, 2)",1000,2,10,1.0,10,39,0.00724368499257058,0.39558085799217224,1.262719412749328
"(1, 2)",1000,2,10,1.0,15,33,0.020988112927191677,0.4265752136707306,1.3471557643554422
"(1, 2)",1000,2,20,0.2,5,158,0.10735512630014858,0.4058436155319214,0.7577336589607251
"(1, 2)",1000,2,20,0.2,10,123,0.22789747399702823,0.36588335037231445,0.8834012211140913
"(1, 2)",1000,2,20,0.2,15,92,0.35178306092124817,0.23065349459648132,0.920131468829171
"(1, 2)",1000,2,20,0.4,5,86,0.005757800891530461,0.39639586210250854,0.5666344717911713
"(1, 2)",1000,2,20,0.4,10,78,0.03176077265973254,0.40594369173049927,1.2312275416610658
"(1, 2)",1000,2,20,0.4,15,67,0.08098068350668648,0.42825040221214294,1.4450777320717694
"(1, 2)",1000,2,20,0.6,5,67,0.0003714710252600297,0.31844860315322876,0.3944765744435298
"(1, 2)",1000,2,20,0.6,10,62,0.011144130757800892,0.3367331922054291,1.2531443248241068
"(1, 2)",1000,2,20,0.6,15,51,0.036404160475482915,0.3512689471244812,1.5204270066260714
"(1, 2)",1000,2,20,0.8,5,59,0.00018573551263001485,0.3314289152622223,0.3694181001937872
"(1, 2)",1000,2,20,0.8,10,52,0.009286775631500743,0.4028948247432709,1.058560356245693
"(1, 2)",1000,2,20,0.8,15,42,0.033989598811292716,0.4055313766002655,1.3591339145480108
"(1, 2)",1000,2,20,1.0,5,48,0.0,0.3491217792034149,0.3253475969018917
"(1, 2)",1000,2,20,1.0,10,42,0.008172362555720654,0.3394753038883209,0.9758704599622464
"(1, 2)",1000,2,20,1.0,15,33,0.0287890044576523,0.3965315818786621,1.2497792302909931
"(1, 2)",1000,2,50,0.2,5,164,0.10902674591381872,0.4084179699420929,0.8337734522940633
"(1, 2)",1000,2,50,0.2,10,124,0.2303120356612184,0.3804973363876343,0.8699826220583321
"(1, 2)",1000,2,50,0.2,15,93,0.35791233283803864,0.2263469696044922,0.8899221796720209
"(1, 2)",1000,2,50,0.4,5,90,0.00612927191679049,0.38831233978271484,0.5595341053610134
"(1, 2)",1000,2,50,0.4,10,77,0.03473254086181278,0.4162483513355255,1.1240986098291057
"(1, 2)",1000,2,50,0.4,15,69,0.0787518573551263,0.4223305284976959,1.3939462956449533
"(1, 2)",1000,2,50,0.6,5,66,0.0005572065378900445,0.33692073822021484,0.37579748090761234
"(1, 2)",1000,2,50,0.6,10,61,0.013558692421991085,0.3917676508426666,1.175688032049983
"(1, 2)",1000,2,50,0.6,15,50,0.04290490341753343,0.3989454507827759,1.318027553629496
"(1, 2)",1000,2,50,0.8,5,56,0.0,0.23900149762630463,0.3942105488720386
"(1, 2)",1000,2,50,0.8,10,47,0.01225854383358098,0.2612358033657074,1.0861059985135684
"(1, 2)",1000,2,50,0.8,15,39,0.033060921248142645,0.40550512075424194,1.2528775822415
"(1, 2)",1000,2,50,1.0,5,48,0.0,0.22026386857032776,0.37499769190794524
"(1, 2)",1000,2,50,1.0,10,42,0.008172362555720654,0.21069784462451935,0.960741301915012
"(1, 2)",1000,2,50,1.0,15,33,0.0287890044576523,0.28120020031929016,1.1583225867171945
"(1, 2)",1000,2,100,0.2,5,162,0.10661218424962852,0.35732364654541016,0.854918685855341
"(1, 2)",1000,2,100,0.2,10,118,0.2397845468053492,0.32997214794158936,0.8846695560977146
"(1, 2)",1000,2,100,0.2,15,94,0.3473254086181278,0.22514261305332184,0.9392055022023456
"(1, 2)",1000,2,100,0.4,5,84,0.006315007429420505,0.38528895378112793,0.5750505081670056
"(1, 2)",1000,2,100,0.4,10,77,0.030460624071322436,0.42805564403533936,1.2291255172829076
"(1, 2)",1000,2,100,0.4,15,66,0.07262258543833582,0.4043572247028351,1.4420095028414215
"(1, 2)",1000,2,100,0.6,5,65,0.0003714710252600297,0.3337372839450836,0.3809113884895472
"(1, 2)",1000,2,100,0.6,10,58,0.014301634472511144,0.33947551250457764,1.247068024885876
"(1, 2)",1000,2,100,0.6,15,49,0.040676077265973255,0.3226693272590637,1.433280169870728
"(1, 2)",1000,2,100,0.8,5,52,0.0003714710252600297,0.3068748116493225,0.3371343107262872
"(1, 2)",1000,2,100,0.8,10,44,0.010958395245170876,0.35254523158073425,1.1084702864071314
"(1, 2)",1000,2,100,0.8,15,35,0.03176077265973254,0.4458250105381012,1.256575251667126
"(1, 2)",1000,2,100,1.0,5,47,0.0,0.3729473054409027,0.29530473552944403
"(1, 2)",1000,2,100,1.0,10,40,0.009286775631500743,0.47691699862480164,1.0097078497245366
"(1, 2)",1000,2,100,1.0,15,33,0.025074294205052007,0.46775683760643005,1.168835119792767
"(1, 2)",3000,2,2,0.2,5,106,0.008358098068350668,0.38906219601631165,0.6624882391044353
"(1, 2)",3000,2,2,0.2,10,98,0.048662704309063894,0.4303160011768341,1.21808327621358
"(1, 2)",3000,2,2,0.2,15,89,0.11682763744427935,0.38109490275382996,2.413001115015308
"(1, 2)",3000,2,2,0.4,5,76,0.0009286775631500742,0.32370883226394653,0.28999207792662285
"(1, 2)",3000,2,2,0.4,10,65,0.017459138187221397,0.30788177251815796,0.9928634561898668
"(1, 2)",3000,2,2,0.4,15,55,0.0462481426448737,0.2635173499584198,1.9452685483016918
"(1, 2)",3000,2,2,0.6,5,70,0.0,0.3540368378162384,0.25110281768851145
"(1, 2)",3000,2,2,0.6,10,60,0.0137444279346211,0.4136439561843872,1.2623576847166273
"(1, 2)",3000,2,2,0.6,15,48,0.04049034175334324,0.3707200586795807,1.482177133270905
"(1, 2)",3000,2,2,0.8,5,65,0.0,0.34911081194877625,0.24939184905422374
"(1, 2)",3000,2,2,0.8,10,58,0.009843982169390787,0.4004967212677002,1.2048530295020006
"(1, 2)",3000,2,2,0.8,15,47,0.03658989598811293,0.38155779242515564,1.6514771139745683
"(1, 2)",3000,2,2,1.0,5,60,0.0,0.42212429642677307,0.2295556355893099
"(1, 2)",3000,2,2,1.0,10,54,0.008543833580980683,0.4651728570461273,1.3291733074275085
"(1, 2)",3000,2,2,1.0,15,42,0.03528974739970282,0.4534640908241272,1.6052944127081725
"(1, 2)",3000,2,5,0.2,5,159,0.07355126300148589,0.5223802924156189,0.8179535425365805
"(1, 2)",3000,2,5,0.2,10,125,0.17960624071322437,0.43680498003959656,0.9571049925442457
"(1, 2)",3000,2,5,0.2,15,100,0.2988484398216939,0.2931467890739441,1.1128099055220726
"(1, 2)",3000,2,5,0.4,5,81,0.004086181277860327,0.25370508432388306,0.5515501041394786
"(1, 2)",3000,2,5,0.4,10,73,0.02711738484398217,0.2839362323284149,0.9796670398063007
"(1, 2)",3000,2,5,0.4,15,64,0.0663075780089153,0.3389177620410919,1.651208794861882
"(1, 2)",3000,2,5,0.6,5,65,0.00018573551263001485,0.27830106019973755,0.32773419042686697
"(1, 2)",3000,2,5,0.6,10,57,0.012072808320950966,0.3361530601978302,1.0790187375554383
"(1, 2)",3000,2,5,0.6,15,46,0.03974739970282318,0.2998356223106384,1.4944471135607267
"(1, 2)",3000,2,5,0.8,5,63,0.0,0.2998199760913849,0.31212905656224943
"(1, 2)",3000,2,5,0.8,10,56,0.010215453194650817,0.32258960604667664,1.1155239076896448
"(1, 2)",3000,2,5,0.8,15,46,0.034918276374442794,0.30198371410369873,1.5519524145287018
"(1, 2)",3000,2,5,1.0,5,57,0.0,0.40391451120376587,0.27938500341741646
"(1, 2)",3000,2,5,1.0,10,51,0.008915304606240713,0.4453451633453369,1.0996333798804074
"(1, 2)",3000,2,5,1.0,15,41,0.034546805349182766,0.4088074862957001,1.4878457951685127
"(1, 2)",3000,2,10,0.2,5,163,0.0848811292719168,0.49029743671417236,0.8575680654568725
"(1, 2)",3000,2,10,0.2,10,128,0.1888930163447251,0.4161251485347748,0.9060299129852895
"(1, 2)",3000,2,10,0.2,15,99,0.3150074294205052,0.27921125292778015,1.003514014319028
"(1, 2)",3000,2,10,0.4,5,81,0.0048291233283803865,0.2995883524417877,0.6082632013521994
"(1, 2)",3000,2,10,0.4,10,72,0.02526002971768202,0.3033774793148041,0.9967561695721477
"(1, 2)",3000,2,10,0.4,15,61,0.06742199108469539,0.3279184103012085,1.3089273520726608
"(1, 2)",3000,2,10,0.6,5,66,0.00018573551263001485,0.2602696418762207,0.34538399286917426
"(1, 2)",3000,2,10,0.6,10,59,0.01225854383358098,0.29380616545677185,0.9215322950923688
"(1, 2)",3000,2,10,0.6,15,47,0.03937592867756315,0.2551575303077698,1.219563063699298
"(1, 2)",3000,2,10,0.8,5,64,0.0,0.3888348937034607,0.28767457780509886
"(1, 2)",3000,2,10,0.8,10,56,0.011144130757800892,0.3976118862628937,0.9071882920735466
"(1, 2)",3000,2,10,0.8,15,44,0.03789004457652303,0.36426234245300293,1.1700043782889735
"(1, 2)",3000,2,10,1.0,5,63,0.0,0.36649131774902344,0.2936976133491302
"(1, 2)",3000,2,10,1.0,10,55,0.011144130757800892,0.3751336932182312,0.90556538783108
"(1, 2)",3000,2,10,1.0,15,44,0.03789004457652303,0.36426234245300293,1.1700043782889735
"(1, 2)",3000,2,20,0.2,5,162,0.08692421991084695,0.484723836183548,0.8578437849366828
"(1, 2)",3000,2,20,0.2,10,126,0.18573551263001487,0.41883862018585205,0.9048994492182535
"(1, 2)",3000,2,20,0.2,15,96,0.31853640416047546,0.26804858446121216,0.9735372100799058
"(1, 2)",3000,2,20,0.4,5,79,0.004457652303120356,0.27266058325767517,0.5137342003828907
"(1, 2)",3000,2,20,0.4,10,77,0.025074294205052007,0.3670237958431244,0.9740523572492498
"(1, 2)",3000,2,20,0.4,15,67,0.06593610698365528,0.39189720153808594,1.2600729116228297
"(1, 2)",3000,2,20,0.6,5,69,0.0,0.2521582245826721,0.3730942610910756
"(1, 2)",3000,2,20,0.6,10,60,0.012072808320950966,0.28367921710014343,0.9517548596766433
"(1, 2)",3000,2,20,0.6,15,49,0.03974739970282318,0.25144851207733154,1.1365887031674438
"(1, 2)",3000,2,20,0.8,5,63,0.0,0.3282710909843445,0.3207522574095753
"(1, 2)",3000,2,20,0.8,10,55,0.011144130757800892,0.3700425624847412,0.9376829209444121
"(1, 2)",3000,2,20,0.8,15,45,0.03603268945022288,0.3498428463935852,1.1131493385220024
"(1, 2)",3000,2,20,1.0,5,60,0.0,0.40192466974258423,0.28673826005613545
"(1, 2)",3000,2,20,1.0,10,54,0.008915304606240713,0.411705881357193,0.9678228341217289
"(1, 2)",3000,2,20,1.0,15,43,0.03361812778603269,0.3887472450733185,1.1003538906084918
"(1, 2)",3000,2,50,0.2,5,157,0.08952451708766716,0.5368138551712036,0.8199396999778892
"(1, 2)",3000,2,50,0.2,10,127,0.19929420505200596,0.4092157781124115,0.8550737710245604
"(1, 2)",3000,2,50,0.2,15,94,0.3361812778603269,0.25524500012397766,0.9628204811502705
"(1, 2)",3000,2,50,0.4,5,77,0.0046433878157503715,0.2370297610759735,0.6790149098750414
"(1, 2)",3000,2,50,0.4,10,75,0.028603268945022287,0.39222145080566406,1.0465091417410883
"(1, 2)",3000,2,50,0.4,15,66,0.06946508172362556,0.36817386746406555,1.3087462723692649
"(1, 2)",3000,2,50,0.6,5,70,0.00018573551263001485,0.2509797513484955,0.38310500438171174
"(1, 2)",3000,2,50,0.6,10,59,0.015601783060921248,0.300220787525177,1.0921285111214443
"(1, 2)",3000,2,50,0.6,15,47,0.04290490341753343,0.28251129388809204,1.2199817132641537
"(1, 2)",3000,2,50,0.8,5,65,0.0,0.3542058765888214,0.30500250679110075
"(1, 2)",3000,2,50,0.8,10,57,0.01188707280832095,0.3642100393772125,1.1232071819535514
"(1, 2)",3000,2,50,0.8,15,46,0.03658989598811293,0.3369753360748291,1.2413415110580552
"(1, 2)",3000,2,50,1.0,5,64,0.0,0.37132319808006287,0.30269199498004845
"(1, 2)",3000,2,50,1.0,10,56,0.01188707280832095,0.3813459277153015,1.1091289220353866
"(1, 2)",3000,2,50,1.0,15,45,0.03658989598811293,0.3542720675468445,1.2207902478260777
"(1, 2)",3000,2,100,0.2,5,166,0.08952451708766716,0.47791701555252075,0.832795160321943
"(1, 2)",3000,2,100,0.2,10,126,0.19855126300148587,0.4144907295703888,0.9344199668771535
"(1, 2)",3000,2,100,0.2,15,96,0.32949479940564635,0.25611844658851624,0.9669570550447333
"(1, 2)",3000,2,100,0.4,5,77,0.005386329866270431,0.26345503330230713,0.6155823372388713
"(1, 2)",3000,2,100,0.4,10,68,0.025817236255572064,0.29817289113998413,0.9866750314083398
"(1, 2)",3000,2,100,0.4,15,63,0.0650074294205052,0.3532363772392273,1.3709680067079395
"(1, 2)",3000,2,100,0.6,5,70,0.0007429420505200594,0.2592174708843231,0.3670058145827201
"(1, 2)",3000,2,100,0.6,10,59,0.016158989598811294,0.2938525676727295,1.0127385743713238
"(1, 2)",3000,2,100,0.6,15,48,0.042533432392273404,0.2619413733482361,1.2709503883294742
"(1, 2)",3000,2,100,0.8,5,65,0.0,0.3566513955593109,0.30882414252663093
"(1, 2)",3000,2,100,0.8,10,55,0.01448736998514116,0.45100095868110657,0.9899772514514623
"(1, 2)",3000,2,100,0.8,15,44,0.039190193164933135,0.424640029668808,1.225406098006306
"(1, 2)",3000,2,100,1.0,5,62,0.0,0.3973366320133209,0.2892248658492391
"(1, 2)",3000,2,100,1.0,10,54,0.01188707280832095,0.4406662583351135,1.042403388493297
"(1, 2)",3000,2,100,1.0,15,43,0.03807578008915304,0.41484466195106506,1.2277617175842577
"(1, 2)",5000,2,2,0.2,5,111,0.008729569093610699,0.32547232508659363,0.8641156832866228
"(1, 2)",5000,2,2,0.2,10,103,0.046805349182763745,0.4687821865081787,1.184532908927164
"(1, 2)",5000,2,2,0.2,15,92,0.11979940564635959,0.3804614543914795,1.7862072354691838
"(1, 2)",5000,2,2,0.4,5,77,0.0,0.25816646218299866,0.2985236549080581
"(1, 2)",5000,2,2,0.4,10,72,0.011329866270430906,0.2482767105102539,1.7440924188911267
"(1, 2)",5000,2,2,0.4,15,55,0.05274888558692422,0.29566308856010437,1.8987366390166727
"(1, 2)",5000,2,2,0.6,5,68,0.0,0.3190925717353821,0.26452489816175817
"(1, 2)",5000,2,2,0.6,10,62,0.009101040118870729,0.3043195605278015,1.3496673837446338
"(1, 2)",5000,2,2,0.6,15,49,0.03993313521545319,0.2702533006668091,1.6731132895774012
"(1, 2)",5000,2,2,0.8,5,65,0.0,0.40291091799736023,0.24442845391847365
"(1, 2)",5000,2,2,0.8,10,59,0.008358098068350668,0.38866519927978516,1.4038546343408287
"(1, 2)",5000,2,2,0.8,15,46,0.037704309063893014,0.35801947116851807,1.543353498952939
"(1, 2)",5000,2,2,1.0,5,63,0.0,0.3192860186100006,0.27692704607877133
"(1, 2)",5000,2,2,1.0,10,57,0.008358098068350668,0.30504029989242554,1.410651736917283
"(1, 2)",5000,2,2,1.0,15,44,0.037704309063893014,0.2965560555458069,1.5151666551507257
"(1, 2)",5000,2,5,0.2,5,151,0.06333580980683506,0.5189394950866699,0.8495387027498713
"(1, 2)",5000,2,5,0.2,10,124,0.1537890044576523,0.48324620723724365,0.9668133119615463
"(1, 2)",5000,2,5,0.2,15,102,0.26931649331352153,0.3230479061603546,1.2623753787659555
"(1, 2)",5000,2,5,0.4,5,85,0.003714710252600297,0.31231939792633057,0.44116566788359063
"(1, 2)",5000,2,5,0.4,10,77,0.023588410104011887,0.32877975702285767,1.185664105830183
"(1, 2)",5000,2,5,0.4,15,65,0.062035661218424965,0.33241936564445496,1.7702809294783077
"(1, 2)",5000,2,5,0.6,5,71,0.0003714710252600297,0.4210292100906372,0.2910212913153361
"(1, 2)",5000,2,5,0.6,10,64,0.011515601783060922,0.40926218032836914,1.4548519306708563
"(1, 2)",5000,2,5,0.6,15,52,0.03807578008915304,0.36979803442955017,1.554899655216472
"(1, 2)",5000,2,5,0.8,5,67,0.0,0.45652082562446594,0.2604094204735511
"(1, 2)",5000,2,5,0.8,10,61,0.009101040118870729,0.4454222321510315,1.4089345256904944
"(1, 2)",5000,2,5,0.8,15,49,0.03566121842496285,0.4248981773853302,1.4673183489586799
"(1, 2)",5000,2,5,1.0,5,60,0.0,0.35363954305648804,0.28929503376732
"(1, 2)",5000,2,5,1.0,10,55,0.007800891530460624,0.3428516983985901,1.2976716749966155
"(1, 2)",5000,2,5,1.0,15,43,0.03436106983655275,0.3273955285549164,1.439489848012248
"(1, 2)",5000,2,10,0.2,5,157,0.07912332838038633,0.5013254284858704,0.792536140502088
"(1, 2)",5000,2,10,0.2,10,125,0.17552005943536403,0.4535652995109558,0.9289558333419284
"(1, 2)",5000,2,10,0.2,15,98,0.29921991084695393,0.2920084297657013,1.0738414282153297
"(1, 2)",5000,2,10,0.4,5,87,0.005200594353640416,0.27990636229515076,0.447197626330233
"(1, 2)",5000,2,10,0.4,10,78,0.027303120356612184,0.29713159799575806,1.0248243740680385
"(1, 2)",5000,2,10,0.4,15,67,0.06519316493313522,0.39902463555336,1.2271925466145273
"(1, 2)",5000,2,10,0.6,5,70,0.0,0.42293477058410645,0.2794164811440456
"(1, 2)",5000,2,10,0.6,10,65,0.011701337295690936,0.4218030869960785,1.082462010030599
"(1, 2)",5000,2,10,0.6,15,52,0.04049034175334324,0.39224711060523987,1.110156581015938
"(1, 2)",5000,2,10,0.8,5,65,0.0,0.4612835645675659,0.2656477473762614
"(1, 2)",5000,2,10,0.8,10,59,0.009286775631500743,0.4497949481010437,1.1070058059029317
"(1, 2)",5000,2,10,0.8,15,47,0.03603268945022288,0.4224061369895935,1.1249752538818945
"(1, 2)",5000,2,10,1.0,5,61,0.0,0.5356431603431702,0.24878326775508003
"(1, 2)",5000,2,10,1.0,10,56,0.009101040118870729,0.5258831977844238,1.0884992255912134
"(1, 2)",5000,2,10,1.0,15,44,0.035846953937592865,0.5087074637413025,1.0927773847713307
"(1, 2)",5000,2,20,0.2,5,163,0.07986627043090638,0.48256561160087585,0.8538634892116137
"(1, 2)",5000,2,20,0.2,10,131,0.1762630014858841,0.4393949508666992,0.9416280323199387
"(1, 2)",5000,2,20,0.2,15,99,0.3060921248142645,0.29728877544403076,1.1234365002854647
"(1, 2)",5000,2,20,0.4,5,90,0.005572065378900446,0.3111894130706787,0.46015870455288266
"(1, 2)",5000,2,20,0.4,10,80,0.028417533432392273,0.3166041970252991,1.0218562265288258
"(1, 2)",5000,2,20,0.4,15,67,0.07485141158989599,0.3581167161464691,1.3477560213753192
"(1, 2)",5000,2,20,0.6,5,73,0.0,0.4446144998073578,0.2789973061168071
"(1, 2)",5000,2,20,0.6,10,66,0.01225854383358098,0.4397623836994171,1.1610232507356761
"(1, 2)",5000,2,20,0.6,15,52,0.046433878157503716,0.38200458884239197,1.3173088586291497
"(1, 2)",5000,2,20,0.8,5,68,0.0,0.4021770656108856,0.2883605290828597
"(1, 2)",5000,2,20,0.8,10,61,0.010586924219910848,0.3876400887966156,1.1360405860482243
"(1, 2)",5000,2,20,0.8,15,46,0.04457652303120357,0.36043429374694824,1.2462351363605748
"(1, 2)",5000,2,20,1.0,5,62,0.0,0.4518817663192749,0.2670134379772516
"(1, 2)",5000,2,20,1.0,10,55,0.009843982169390787,0.44162970781326294,1.105034763031685
"(1, 2)",5000,2,20,1.0,15,42,0.03844725111441308,0.40675073862075806,1.2067555374825485
"(1, 2)",5000,2,50,0.2,5,156,0.07689450222882616,0.48730677366256714,0.770222431461362
"(1, 2)",5000,2,50,0.2,10,127,0.1725482912332838,0.45468270778656006,0.911855340153128
"(1, 2)",5000,2,50,0.2,15,101,0.32410846953937594,0.253421425819397,1.0544824410446156
"(1, 2)",5000,2,50,0.4,5,88,0.004086181277860327,0.3330589532852173,0.44315809979321674
"(1, 2)",5000,2,50,0.4,10,81,0.025445765230312035,0.3311496376991272,1.0692475022709653
"(1, 2)",5000,2,50,0.4,15,66,0.0737369985141159,0.43921709060668945,1.3463071941280997
"(1, 2)",5000,2,50,0.6,5,76,0.0,0.4256370961666107,0.2873763185184415
"(1, 2)",5000,2,50,0.6,10,69,0.01263001485884101,0.4247853755950928,1.1744472757049846
"(1, 2)",5000,2,50,0.6,15,53,0.048291233283803865,0.3957258462905884,1.2815070384214964
"(1, 2)",5000,2,50,0.8,5,72,0.0,0.4618340730667114,0.2598844131536802
"(1, 2)",5000,2,50,0.8,10,65,0.009843982169390787,0.4492656886577606,1.1593683941297994
"(1, 2)",5000,2,50,0.8,15,49,0.04550520059435364,0.42826393246650696,1.223795893356482
"(1, 2)",5000,2,50,1.0,5,69,0.0,0.5167893767356873,0.24480635775360068
"(1, 2)",5000,2,50,1.0,10,62,0.009843982169390787,0.5136753916740417,1.142526735392176
"(1, 2)",5000,2,50,1.0,15,48,0.04086181277860327,0.49353551864624023,1.2141953232751905
"(1, 2)",5000,2,100,0.2,5,165,0.08153789004457652,0.46883058547973633,0.825200975282083
"(1, 2)",5000,2,100,0.2,10,129,0.17942050520059435,0.43920472264289856,0.9225368056957385
"(1, 2)",5000,2,100,0.2,15,97,0.32670876671619614,0.26211288571357727,1.0333254047793956
"(1, 2)",5000,2,100,0.4,5,84,0.004457652303120356,0.28422436118125916,0.4959102552384487
"(1, 2)",5000,2,100,0.4,10,78,0.0237741456166419,0.32479986548423767,1.1598676235709593
"(1, 2)",5000,2,100,0.4,15,66,0.06816493313521545,0.4077329933643341,1.4381644711919692
"(1, 2)",5000,2,100,0.6,5,73,0.0,0.4178040623664856,0.28779324816418345
"(1, 2)",5000,2,100,0.6,10,65,0.01225854383358098,0.4217013716697693,1.2245529959916783
"(1, 2)",5000,2,100,0.6,15,51,0.045319465081723624,0.3820168972015381,1.3450014677544897
"(1, 2)",5000,2,100,0.8,5,68,0.0,0.5258621573448181,0.24292814274265126
"(1, 2)",5000,2,100,0.8,10,61,0.010029717682020803,0.527819812297821,1.2165498033101463
"(1, 2)",5000,2,100,0.8,15,47,0.041047548291233284,0.49594196677207947,1.283962712344737
"(1, 2)",5000,2,100,1.0,5,65,0.0,0.5462184548377991,0.24296383235057212
"(1, 2)",5000,2,100,1.0,10,58,0.009843982169390787,0.5482471585273743,1.193969759150999
"(1, 2)",5000,2,100,1.0,15,44,0.04086181277860327,0.5170625448226929,1.2428300021152212
"(1, 3)",1000,2,2,0.2,5,99,0.015044576523031204,0.34269440174102783,0.8832553370307892
"(1, 3)",1000,2,2,0.2,10,94,0.049962852897474,0.3444652259349823,1.573561485490538
"(1, 3)",1000,2,2,0.2,15,88,0.12908618127786034,0.3728266656398773,1.9546852051435353
"(1, 3)",1000,2,2,0.4,5,63,0.0009286775631500742,0.2653009295463562,0.7114064561872504
"(1, 3)",1000,2,2,0.4,10,59,0.013558692421991085,0.2830367386341095,1.3720426335329223
"(1, 3)",1000,2,2,0.4,15,49,0.04513372956909361,0.3378780782222748,1.6493579552722695
"(1, 3)",1000,2,2,0.6,5,48,0.0,0.13471433520317078,0.3147955544473056
"(1, 3)",1000,2,2,0.6,10,44,0.006686478454680535,0.28554895520210266,1.0071352454828526
"(1, 3)",1000,2,2,0.6,15,36,0.028603268945022287,0.22023527324199677,1.6443483248602597
"(1, 3)",1000,2,2,0.8,5,45,0.0,0.23775871098041534,0.2791582232575086
"(1, 3)",1000,2,2,0.8,10,41,0.005757800891530461,0.2585468590259552,0.7779385499424757
"(1, 3)",1000,2,2,0.8,15,33,0.022473997028231798,0.26710742712020874,1.6677721527834426
"(1, 3)",1000,2,2,1.0,5,41,0.0,0.2857438921928406,0.25779532611922285
"(1, 3)",1000,2,2,1.0,10,37,0.005757800891530461,0.35115519165992737,0.7830915247359368
"(1, 3)",1000,2,2,1.0,15,31,0.0187592867756315,0.32980605959892273,1.3521760541229597
"(1, 3)",1000,2,5,0.2,5,157,0.09082466567607726,0.4675145447254181,0.7975247730193427
"(1, 3)",1000,2,5,0.2,10,116,0.21062407132243685,0.3905828595161438,0.9480105591988753
"(1, 3)",1000,2,5,0.2,15,88,0.3361812778603269,0.2502193748950958,0.9587192227756581
"(1, 3)",1000,2,5,0.4,5,89,0.002600297176820208,0.3574313223361969,0.6435472497743583
"(1, 3)",1000,2,5,0.4,10,80,0.02637444279346211,0.3537718951702118,1.3217976025488365
"(1, 3)",1000,2,5,0.4,15,65,0.0837667161961367,0.4394438862800598,1.3759787685512321
"(1, 3)",1000,2,5,0.6,5,65,0.0,0.27065879106521606,0.3890063900570143
"(1, 3)",1000,2,5,0.6,10,57,0.010958395245170876,0.28236958384513855,1.2018637076815222
"(1, 3)",1000,2,5,0.6,15,45,0.042161961367013376,0.30601125955581665,1.320367234960325
"(1, 3)",1000,2,5,0.8,5,51,0.0,0.29361051321029663,0.36082898900210014
"(1, 3)",1000,2,5,0.8,10,48,0.004086181277860327,0.30853506922721863,0.7173874094181542
"(1, 3)",1000,2,5,0.8,15,39,0.02526002971768202,0.35048967599868774,1.4954017161529638
"(1, 3)",1000,2,5,1.0,5,43,0.0,0.1756245344877243,0.3701390340115507
"(1, 3)",1000,2,5,1.0,10,40,0.003900445765230312,0.22452473640441895,0.6416403011514469
"(1, 3)",1000,2,5,1.0,15,32,0.023588410104011887,0.267657607793808,1.588090754881179
"(1, 3)",1000,2,10,0.2,5,155,0.11682763744427935,0.4540036618709564,0.8361967086713273
"(1, 3)",1000,2,10,0.2,10,115,0.23216939078751858,0.3497469425201416,0.8414563144248784
"(1, 3)",1000,2,10,0.2,15,94,0.3463967310549777,0.2300756275653839,0.8715638822785033
"(1, 3)",1000,2,10,0.4,5,92,0.004271916790490341,0.3191845715045929,0.5918163241788775
"(1, 3)",1000,2,10,0.4,10,80,0.033432392273402674,0.34749308228492737,1.1369343857004508
"(1, 3)",1000,2,10,0.4,15,65,0.08952451708766716,0.41269540786743164,1.3292066012468995
"(1, 3)",1000,2,10,0.6,5,59,0.0003714710252600297,0.19259729981422424,0.42610082305706914
"(1, 3)",1000,2,10,0.6,10,53,0.013187221396731055,0.32885268330574036,1.2220381304316765
"(1, 3)",1000,2,10,0.6,15,41,0.04179049034175334,0.3600170612335205,1.2010531050504791
"(1, 3)",1000,2,10,0.8,5,50,0.0,0.23167040944099426,0.3758197166268429
"(1, 3)",1000,2,10,0.8,10,45,0.006315007429420505,0.24775256216526031,1.1429585724953701
"(1, 3)",1000,2,10,0.8,15,34,0.030089153046062408,0.3033028244972229,1.1264153592231165
"(1, 3)",1000,2,10,1.0,5,46,0.0,0.3375559151172638,0.3127082677033107
"(1, 3)",1000,2,10,1.0,10,42,0.005386329866270431,0.3306816816329956,1.0754953135410825
"(1, 3)",1000,2,10,1.0,15,33,0.025445765230312035,0.3593451976776123,1.1569269292466233
"(1, 3)",1000,2,20,0.2,5,159,0.11645616641901932,0.4369828402996063,0.8134126453942361
"(1, 3)",1000,2,20,0.2,10,115,0.23569836552748885,0.34313657879829407,0.8193440844863469
"(1, 3)",1000,2,20,0.2,15,90,0.35791233283803864,0.21493902802467346,0.8809775107614545
"(1, 3)",1000,2,20,0.4,5,89,0.00612927191679049,0.3418719172477722,0.6079542539063855
"(1, 3)",1000,2,20,0.4,10,81,0.029903417533432394,0.3371942341327667,1.2430330507779381
"(1, 3)",1000,2,20,0.4,15,66,0.08599554234769688,0.3899659514427185,1.4153310822298393
"(1, 3)",1000,2,20,0.6,5,65,0.0,0.1972620040178299,0.4468083154287655
"(1, 3)",1000,2,20,0.6,10,58,0.011515601783060922,0.3009012043476105,1.2147233155396002
"(1, 3)",1000,2,20,0.6,15,48,0.04457652303120357,0.31649404764175415,1.2597794244719882
"(1, 3)",1000,2,20,0.8,5,53,0.0,0.13677364587783813,0.4305955211535722
"(1, 3)",1000,2,20,0.8,10,47,0.007429420505200594,0.1458526998758316,1.166819567994873
"(1, 3)",1000,2,20,0.8,15,35,0.03547548291233284,0.27143046259880066,1.1903832187264136
"(1, 3)",1000,2,20,1.0,5,48,0.0,0.2016150802373886,0.36393264816138204
"(1, 3)",1000,2,20,1.0,10,44,0.005386329866270431,0.19477665424346924,1.1403452412410988
"(1, 3)",1000,2,20,1.0,15,32,0.031203566121842496,0.2817292809486389,1.1988298574903906
"(1, 3)",1000,2,50,0.2,5,166,0.11664190193164933,0.45227235555648804,0.8435210340623102
"(1, 3)",1000,2,50,0.2,10,116,0.24089895988112928,0.3621252775192261,0.8477958566836176
"(1, 3)",1000,2,50,0.2,15,90,0.3536404160475483,0.23349498212337494,0.8981042599919007
"(1, 3)",1000,2,50,0.4,5,92,0.007615156017830609,0.3384685218334198,0.6785178188480945
"(1, 3)",1000,2,50,0.4,10,82,0.034546805349182766,0.39586761593818665,1.0834008071842205
"(1, 3)",1000,2,50,0.4,15,67,0.0837667161961367,0.4399181306362152,1.2942004515446797
"(1, 3)",1000,2,50,0.6,5,59,0.0003714710252600297,0.120531365275383,0.44269980532977443
"(1, 3)",1000,2,50,0.6,10,56,0.009843982169390787,0.2399335503578186,1.1430942989598947
"(1, 3)",1000,2,50,0.6,15,45,0.039190193164933135,0.38027241826057434,1.2005942089472372
"(1, 3)",1000,2,50,0.8,5,52,0.0,0.19120196998119354,0.3949617390499146
"(1, 3)",1000,2,50,0.8,10,46,0.007429420505200594,0.20744724571704865,1.1149796485735468
"(1, 3)",1000,2,50,0.8,15,35,0.031203566121842496,0.2447355091571808,1.1612175089082781
"(1, 3)",1000,2,50,1.0,5,47,0.0,0.18632708489894867,0.36092094403883984
"(1, 3)",1000,2,50,1.0,10,43,0.005386329866270431,0.1803709715604782,1.0505694622323838
"(1, 3)",1000,2,50,1.0,15,32,0.029160475482912333,0.25784119963645935,1.1011008452063267
"(1, 3)",1000,2,100,0.2,5,151,0.11422734026745913,0.46910473704338074,0.7856318286771417
"(1, 3)",1000,2,100,0.2,10,113,0.2412704309063893,0.3610200881958008,0.8318759980167474
"(1, 3)",1000,2,100,0.2,15,88,0.37017087667161963,0.2046600878238678,0.9089105908596317
"(1, 3)",1000,2,100,0.4,5,91,0.006686478454680535,0.33051449060440063,0.5815355283768472
"(1, 3)",1000,2,100,0.4,10,80,0.031203566121842496,0.39525777101516724,1.08271290527651
"(1, 3)",1000,2,100,0.4,15,66,0.08432392273402675,0.4215535819530487,1.2936472489518778
"(1, 3)",1000,2,100,0.6,5,61,0.0,0.1971101313829422,0.40686155634188953
"(1, 3)",1000,2,100,0.6,10,56,0.009472511144130757,0.2991478443145752,1.1603532479894398
"(1, 3)",1000,2,100,0.6,15,46,0.040676077265973255,0.3107220530509949,1.2070462380523517
"(1, 3)",1000,2,100,0.8,5,54,0.0,0.1907401978969574,0.3982649178840847
"(1, 3)",1000,2,100,0.8,10,48,0.007429420505200594,0.18735605478286743,1.1026696542066439
"(1, 3)",1000,2,100,0.8,15,37,0.031203566121842496,0.2590087056159973,1.1701113787571533
"(1, 3)",1000,2,100,1.0,5,48,0.0,0.20237189531326294,0.348585493409259
"(1, 3)",1000,2,100,1.0,10,42,0.007429420505200594,0.2601607143878937,1.0255052040819364
"(1, 3)",1000,2,100,1.0,15,34,0.02897473997028232,0.2727782726287842,1.0849854236856311
"(1, 3)",3000,2,2,0.2,5,115,0.009101040118870729,0.32462793588638306,1.0510438796553279
"(1, 3)",3000,2,2,0.2,10,100,0.06036404160475483,0.4237247407436371,1.4633229791900912
"(1, 3)",3000,2,2,0.2,15,87,0.14097325408618128,0.3628941476345062,2.150478616597497
"(1, 3)",3000,2,2,0.4,5,76,0.0,0.3349478840827942,0.27686313951217356
"(1, 3)",3000,2,2,0.4,10,65,0.016530460624071323,0.4462131857872009,1.1178966531737966
"(1, 3)",3000,2,2,0.4,15,52,0.04940564635958395,0.3942289352416992,1.9320440784966102
"(1, 3)",3000,2,2,0.6,5,69,0.0,0.4039057195186615,0.2580218871362589
"(1, 3)",3000,2,2,0.6,10,59,0.015044576523031204,0.39625808596611023,1.0823074667599437
"(1, 3)",3000,2,2,0.6,15,47,0.044019316493313525,0.33157968521118164,1.7021306876931661
"(1, 3)",3000,2,2,0.8,5,64,0.0,0.38829532265663147,0.2422148205788569
"(1, 3)",3000,2,2,0.8,10,54,0.01448736998514116,0.42545756697654724,1.098507499340534
"(1, 3)",3000,2,2,0.8,15,42,0.041604754829123326,0.3847843110561371,2.227012695240694
"(1, 3)",3000,2,2,1.0,5,61,0.0,0.419333279132843,0.23938269194666195
"(1, 3)",3000,2,2,1.0,10,52,0.013187221396731055,0.40897101163864136,1.1392942602192457
"(1, 3)",3000,2,2,1.0,15,40,0.04030460624071323,0.373587042093277,1.1693382218395896
"(1, 3)",3000,2,5,0.2,5,163,0.06519316493313522,0.4981255829334259,0.9288609241084426
"(1, 3)",3000,2,5,0.2,10,122,0.1801634472511144,0.42900705337524414,1.0945951670001288
"(1, 3)",3000,2,5,0.2,15,101,0.29921991084695393,0.2806932032108307,1.164157696331137
"(1, 3)",3000,2,5,0.4,5,81,0.002786032689450223,0.3149152100086212,0.5542246605513163
"(1, 3)",3000,2,5,0.4,10,72,0.025817236255572064,0.32093456387519836,1.3783048661306472
"(1, 3)",3000,2,5,0.4,15,60,0.0676077265973254,0.41209208965301514,1.6252393113676051
"(1, 3)",3000,2,5,0.6,5,68,0.0,0.3166615962982178,0.3098717243971385
"(1, 3)",3000,2,5,0.6,10,57,0.014673105497771174,0.3438633978366852,1.4605679105138036
"(1, 3)",3000,2,5,0.6,15,45,0.04420505200594354,0.3214203715324402,1.6430197652224747
"(1, 3)",3000,2,5,0.8,5,63,0.0,0.3576003313064575,0.27717183131366907
"(1, 3)",3000,2,5,0.8,10,53,0.0137444279346211,0.41860467195510864,1.3606039427758252
"(1, 3)",3000,2,5,0.8,15,41,0.041047548291233284,0.3841511905193329,1.4029851240994025
"(1, 3)",3000,2,5,1.0,5,61,0.0,0.36563876271247864,0.26598666867316334
"(1, 3)",3000,2,5,1.0,10,51,0.0137444279346211,0.43023326992988586,1.3424046207857714
"(1, 3)",3000,2,5,1.0,15,39,0.041047548291233284,0.4048527181148529,1.3803398306937982
"(1, 3)",3000,2,10,0.2,5,160,0.08562407132243685,0.44052818417549133,0.8282034984061316
"(1, 3)",3000,2,10,0.2,10,124,0.18926448736998513,0.4086073338985443,1.0298866969796574
"(1, 3)",3000,2,10,0.2,15,101,0.3150074294205052,0.26027294993400574,1.1031631189248616
"(1, 3)",3000,2,10,0.4,5,83,0.0048291233283803865,0.37082797288894653,0.734889601332417
"(1, 3)",3000,2,10,0.4,10,73,0.026931649331352156,0.3524594008922577,1.1338501976609348
"(1, 3)",3000,2,10,0.4,15,63,0.07633729569093611,0.4410895109176636,1.3739792175438157
"(1, 3)",3000,2,10,0.6,5,69,0.0005572065378900445,0.3633827567100525,0.3526382259663556
"(1, 3)",3000,2,10,0.6,10,59,0.014858841010401188,0.40717509388923645,1.1126908823032011
"(1, 3)",3000,2,10,0.6,15,46,0.048662704309063894,0.36468303203582764,1.2339127103605574
"(1, 3)",3000,2,10,0.8,5,63,0.0,0.3417642414569855,0.3000288777165784
"(1, 3)",3000,2,10,0.8,10,53,0.0137444279346211,0.3803175091743469,1.1086592211647728
"(1, 3)",3000,2,10,0.8,15,41,0.04234769687964339,0.3432239890098572,1.1963369358235478
"(1, 3)",3000,2,10,1.0,5,61,0.0,0.35747697949409485,0.2913761779731164
"(1, 3)",3000,2,10,1.0,10,51,0.0137444279346211,0.4259095788002014,1.087453071190514
"(1, 3)",3000,2,10,1.0,15,39,0.042161961367013376,0.39481139183044434,1.1666990881296058
"(1, 3)",3000,2,20,0.2,5,158,0.0887815750371471,0.4444893002510071,0.798131239417227
"(1, 3)",3000,2,20,0.2,10,123,0.1963224368499257,0.4188322126865387,0.9038811299911542
"(1, 3)",3000,2,20,0.2,15,102,0.336924219910847,0.23880092799663544,1.0583439694382124
"(1, 3)",3000,2,20,0.4,5,83,0.006686478454680535,0.37457916140556335,0.5874632577180029
"(1, 3)",3000,2,20,0.4,10,73,0.028603268945022287,0.3461422920227051,1.0115202469679179
"(1, 3)",3000,2,20,0.4,15,64,0.07949479940564635,0.4465886056423187,1.266499395515082
"(1, 3)",3000,2,20,0.6,5,70,0.00018573551263001485,0.2835494875907898,0.35855703999314825
"(1, 3)",3000,2,20,0.6,10,58,0.016716196136701337,0.33481550216674805,0.9993518597415478
"(1, 3)",3000,2,20,0.6,15,48,0.044947994056463596,0.37436625361442566,1.1651275299765556
"(1, 3)",3000,2,20,0.8,5,65,0.0,0.34623467922210693,0.3005386059222383
"(1, 3)",3000,2,20,0.8,10,54,0.014673105497771174,0.44334903359413147,0.9888022252019597
"(1, 3)",3000,2,20,0.8,15,42,0.043462109955423475,0.4178580045700073,1.1031535309461162
"(1, 3)",3000,2,20,1.0,5,62,0.0,0.358696311712265,0.2830669807473109
"(1, 3)",3000,2,20,1.0,10,52,0.0137444279346211,0.44006237387657166,0.9856245863098637
"(1, 3)",3000,2,20,1.0,15,40,0.04086181277860327,0.4151749312877655,1.0978159423718292
"(1, 3)",3000,2,50,0.2,5,165,0.08432392273402675,0.45760560035705566,0.8574697251401034
"(1, 3)",3000,2,50,0.2,10,124,0.20059435364041606,0.4113515615463257,0.9177300462210046
"(1, 3)",3000,2,50,0.2,15,100,0.3224368499257058,0.26138409972190857,1.085185881134368
"(1, 3)",3000,2,50,0.4,5,85,0.0046433878157503715,0.33043885231018066,0.5354700066296534
"(1, 3)",3000,2,50,0.4,10,76,0.02786032689450223,0.3894202709197998,1.120673859909427
"(1, 3)",3000,2,50,0.4,15,64,0.07912332838038633,0.37832650542259216,1.3393337454451166
"(1, 3)",3000,2,50,0.6,5,71,0.00018573551263001485,0.29892459511756897,0.3465044347394463
"(1, 3)",3000,2,50,0.6,10,61,0.014673105497771174,0.3515446186065674,1.1763861928861525
"(1, 3)",3000,2,50,0.6,15,48,0.04884843982169391,0.3109913766384125,1.2239257358850133
"(1, 3)",3000,2,50,0.8,5,66,0.0,0.353030800819397,0.2992091428779067
"(1, 3)",3000,2,50,0.8,10,56,0.0137444279346211,0.39617544412612915,1.1375550117227773
"(1, 3)",3000,2,50,0.8,15,44,0.04086181277860327,0.361264169216156,1.204440368157101
"(1, 3)",3000,2,50,1.0,5,61,0.0,0.4687517285346985,0.24878696520982171
"(1, 3)",3000,2,50,1.0,10,53,0.01225854383358098,0.4782886803150177,1.1210875832891984
"(1, 3)",3000,2,50,1.0,15,41,0.03937592867756315,0.4561969041824341,1.1636108667837881
"(1, 3)",3000,2,100,0.2,5,162,0.08859583952451709,0.4909268915653229,0.7774787576898362
"(1, 3)",3000,2,100,0.2,10,127,0.19112184249628528,0.40238577127456665,0.9987522092471146
"(1, 3)",3000,2,100,0.2,15,101,0.3224368499257058,0.25050073862075806,1.1414092297269847
"(1, 3)",3000,2,100,0.4,5,86,0.004086181277860327,0.36880040168762207,0.5791541070166079
"(1, 3)",3000,2,100,0.4,10,79,0.02637444279346211,0.3583686649799347,1.1164819483716413
"(1, 3)",3000,2,100,0.4,15,66,0.07763744427934621,0.4433278739452362,1.3539307236567208
"(1, 3)",3000,2,100,0.6,5,69,0.0003714710252600297,0.3115527629852295,0.3776009178103989
"(1, 3)",3000,2,100,0.6,10,59,0.015416047548291234,0.3461626470088959,1.0831691685383384
"(1, 3)",3000,2,100,0.6,15,46,0.0475482912332838,0.30959150195121765,1.3030546122963456
"(1, 3)",3000,2,100,0.8,5,66,0.0,0.3672339916229248,0.30159798256491765
"(1, 3)",3000,2,100,0.8,10,55,0.014673105497771174,0.39149755239486694,1.0597649859228822
"(1, 3)",3000,2,100,0.8,15,42,0.04550520059435364,0.41137024760246277,1.2588622476737905
"(1, 3)",3000,2,100,1.0,5,64,0.0,0.42300528287887573,0.27282148542501305
"(1, 3)",3000,2,100,1.0,10,54,0.0137444279346211,0.46407100558280945,1.0625838409845856
"(1, 3)",3000,2,100,1.0,15,41,0.044019316493313525,0.4282650947570801,1.2591929765886216
"(1, 3)",5000,2,2,0.2,5,107,0.006686478454680535,0.37041765451431274,0.7313551912021403
"(1, 3)",5000,2,2,0.2,10,103,0.04364784546805349,0.4603733420372009,1.4381686694343498
"(1, 3)",5000,2,2,0.2,15,91,0.12741456166419018,0.4187709093093872,1.5930756334385905
"(1, 3)",5000,2,2,0.4,5,79,0.00018573551263001485,0.364078551530838,0.2897285045272747
"(1, 3)",5000,2,2,0.4,10,71,0.01263001485884101,0.34979578852653503,1.160289593302517
"(1, 3)",5000,2,2,0.4,15,54,0.05367756315007429,0.37625694274902344,1.4390606936140664
"(1, 3)",5000,2,2,0.6,5,71,0.0,0.37911298871040344,0.25839905285338804
"(1, 3)",5000,2,2,0.6,10,64,0.010772659732540862,0.3644528090953827,1.2857032497909064
"(1, 3)",5000,2,2,0.6,15,50,0.04271916790490342,0.32195115089416504,1.489403019036094
"(1, 3)",5000,2,2,0.8,5,67,0.0,0.39200350642204285,0.25885799424580624
"(1, 3)",5000,2,2,0.8,10,61,0.008358098068350668,0.40557393431663513,1.0947496284351699
"(1, 3)",5000,2,2,0.8,15,47,0.04030460624071323,0.36527782678604126,1.4848501889233192
"(1, 3)",5000,2,2,1.0,5,64,0.0,0.39290696382522583,0.24465908719558677
"(1, 3)",5000,2,2,1.0,10,58,0.008358098068350668,0.4361649453639984,1.1037634606690274
"(1, 3)",5000,2,2,1.0,15,45,0.037704309063893014,0.40102913975715637,1.4573940439942432
"(1, 3)",5000,2,5,0.2,5,154,0.06370728083209509,0.5297079086303711,0.7872938253555951
"(1, 3)",5000,2,5,0.2,10,130,0.1536032689450223,0.48295581340789795,0.9847584046792304
"(1, 3)",5000,2,5,0.2,15,103,0.2838038632986627,0.31837859749794006,1.0941778974853735
"(1, 3)",5000,2,5,0.4,5,85,0.003900445765230312,0.3401496410369873,0.48105131075708657
"(1, 3)",5000,2,5,0.4,10,83,0.01950222882615156,0.3635290563106537,1.2231436862118827
"(1, 3)",5000,2,5,0.4,15,63,0.07522288261515601,0.36897337436676025,1.4420706415982996
"(1, 3)",5000,2,5,0.6,5,70,0.0007429420505200594,0.32357102632522583,0.30456596459894286
"(1, 3)",5000,2,5,0.6,10,65,0.009101040118870729,0.43754562735557556,1.226078212407257
"(1, 3)",5000,2,5,0.6,15,51,0.04736255572065379,0.40776336193084717,1.3877893170501472
"(1, 3)",5000,2,5,0.8,5,67,0.0,0.42106249928474426,0.277043410749695
"(1, 3)",5000,2,5,0.8,10,62,0.00687221396731055,0.41077739000320435,1.2650592948782666
"(1, 3)",5000,2,5,0.8,15,47,0.041976225854383355,0.37799394130706787,1.3468797031408117
"(1, 3)",5000,2,5,1.0,5,65,0.0,0.45626500248908997,0.2681487923233443
"(1, 3)",5000,2,5,1.0,10,60,0.006686478454680535,0.4461787939071655,1.230331989257133
"(1, 3)",5000,2,5,1.0,15,45,0.04179049034175334,0.4752575755119324,1.2818750337415534
"(1, 3)",5000,2,10,0.2,5,160,0.0800520059435364,0.5298291444778442,0.7437298194064167
"(1, 3)",5000,2,10,0.2,10,129,0.18387815750371472,0.4589766561985016,0.8562214711802638
"(1, 3)",5000,2,10,0.2,15,101,0.30182020802377413,0.3007209300994873,1.0356176581266336
"(1, 3)",5000,2,10,0.4,5,83,0.003714710252600297,0.35534077882766724,0.5101215969690075
"(1, 3)",5000,2,10,0.4,10,84,0.021173848439821695,0.36537298560142517,1.070399895698088
"(1, 3)",5000,2,10,0.4,15,66,0.07782317979197623,0.4530884623527527,1.2222609256692112
"(1, 3)",5000,2,10,0.6,5,70,0.0007429420505200594,0.3286356031894684,0.31990524482359306
"(1, 3)",5000,2,10,0.6,10,64,0.009101040118870729,0.35865136981010437,0.9131604952435408
"(1, 3)",5000,2,10,0.6,15,52,0.04550520059435364,0.39474958181381226,1.1062168334003175
"(1, 3)",5000,2,10,0.8,5,67,0.0,0.40908291935920715,0.2880304283295249
"(1, 3)",5000,2,10,0.8,10,61,0.008358098068350668,0.39683815836906433,0.8747748963392922
"(1, 3)",5000,2,10,0.8,15,47,0.04086181277860327,0.36201778054237366,1.0717535127639628
"(1, 3)",5000,2,10,1.0,5,66,0.0,0.46882057189941406,0.27367687006311786
"(1, 3)",5000,2,10,1.0,10,60,0.008358098068350668,0.4625592529773712,0.8717115786048236
"(1, 3)",5000,2,10,1.0,15,46,0.04086181277860327,0.4885193705558777,1.0509952771217772
"(1, 3)",5000,2,20,0.2,5,162,0.08283803863298662,0.5159741640090942,0.7561306016940731
"(1, 3)",5000,2,20,0.2,10,131,0.18072065378900445,0.4558141827583313,0.8737122281206301
"(1, 3)",5000,2,20,0.2,15,103,0.3083209509658247,0.28486761450767517,1.0873656468296091
"(1, 3)",5000,2,20,0.4,5,86,0.004086181277860327,0.32023167610168457,0.5203246491485903
"(1, 3)",5000,2,20,0.4,10,83,0.022473997028231798,0.3772657811641693,1.0436814112517914
"(1, 3)",5000,2,20,0.4,15,67,0.07856612184249628,0.4641270935535431,1.2506936228592456
"(1, 3)",5000,2,20,0.6,5,71,0.0007429420505200594,0.32660436630249023,0.32709443219281553
"(1, 3)",5000,2,20,0.6,10,65,0.011701337295690936,0.43535736203193665,1.0251716176979926
"(1, 3)",5000,2,20,0.6,15,51,0.04847696879643388,0.39797958731651306,1.124168791756109
"(1, 3)",5000,2,20,0.8,5,67,0.0,0.40784671902656555,0.29757353342766807
"(1, 3)",5000,2,20,0.8,10,61,0.008358098068350668,0.3973996341228485,0.9689164537793702
"(1, 3)",5000,2,20,0.8,15,46,0.04309063893016345,0.3652425706386566,1.1007567498067004
"(1, 3)",5000,2,20,1.0,5,64,0.0,0.4641648232936859,0.27557283623509643
"(1, 3)",5000,2,20,1.0,10,58,0.008358098068350668,0.45399224758148193,0.9621137537080586
"(1, 3)",5000,2,20,1.0,15,44,0.04049034175334324,0.45168477296829224,1.0721470940719677
"(1, 3)",5000,2,50,0.2,5,158,0.08339524517087667,0.4728351831436157,0.7704944745490366
"(1, 3)",5000,2,50,0.2,10,129,0.18239227340267458,0.4500270485877991,0.8547626267778713
"(1, 3)",5000,2,50,0.2,15,100,0.31723625557206536,0.2925080955028534,0.9952621339009919
"(1, 3)",5000,2,50,0.4,5,84,0.0035289747399702824,0.30461177229881287,0.5241640351130543
"(1, 3)",5000,2,50,0.4,10,83,0.020430906389301635,0.39182916283607483,1.1719146374244627
"(1, 3)",5000,2,50,0.4,15,66,0.075037147102526,0.39759761095046997,1.3203131462395363
"(1, 3)",5000,2,50,0.6,5,71,0.0007429420505200594,0.344260036945343,0.31268479342992456
"(1, 3)",5000,2,50,0.6,10,65,0.009101040118870729,0.37544211745262146,1.0528237937695202
"(1, 3)",5000,2,50,0.6,15,51,0.048662704309063894,0.39555633068084717,1.1784511591409612
"(1, 3)",5000,2,50,0.8,5,67,0.0,0.42714056372642517,0.276608232034606
"(1, 3)",5000,2,50,0.8,10,61,0.008915304606240713,0.4168015420436859,1.032201116293986
"(1, 3)",5000,2,50,0.8,15,46,0.043462109955423475,0.39223015308380127,1.1244016657825178
"(1, 3)",5000,2,50,1.0,5,65,0.0,0.5006335973739624,0.2610841978725027
"(1, 3)",5000,2,50,1.0,10,59,0.008358098068350668,0.4910758137702942,1.0180497087802072
"(1, 3)",5000,2,50,1.0,15,45,0.040676077265973255,0.5077951550483704,1.116612693625537
"(1, 3)",5000,2,100,0.2,5,156,0.08710995542347696,0.5072972774505615,0.737976193600621
"(1, 3)",5000,2,100,0.2,10,128,0.1922362555720654,0.44231879711151123,0.8548022548423179
"(1, 3)",5000,2,100,0.2,15,103,0.3044205052005943,0.30065277218818665,1.0525162192706772
"(1, 3)",5000,2,100,0.4,5,83,0.002600297176820208,0.329236775636673,0.5311971918975162
"(1, 3)",5000,2,100,0.4,10,81,0.01950222882615156,0.3723805546760559,1.0848763852985006
"(1, 3)",5000,2,100,0.4,15,67,0.08209509658246657,0.45660400390625,1.3431918532113043
"(1, 3)",5000,2,100,0.6,5,71,0.0007429420505200594,0.32667744159698486,0.31770113403361466
"(1, 3)",5000,2,100,0.6,10,66,0.009101040118870729,0.4357775151729584,1.0788895068876716
"(1, 3)",5000,2,100,0.6,15,52,0.04606240713224369,0.38468000292778015,1.2157845312020368
"(1, 3)",5000,2,100,0.8,5,68,0.0007429420505200594,0.3369429111480713,0.29960977782216813
"(1, 3)",5000,2,100,0.8,10,62,0.009101040118870729,0.40900877118110657,1.0617862270795966
"(1, 3)",5000,2,100,0.8,15,48,0.041604754829123326,0.37096646428108215,1.1776949529385947
"(1, 3)",5000,2,100,1.0,5,65,0.0,0.4936847984790802,0.2564397851552882
"(1, 3)",5000,2,100,1.0,10,59,0.008358098068350668,0.4917772114276886,1.0530307349394488
"(1, 3)",5000,2,100,1.0,15,45,0.04086181277860327,0.5019792318344116,1.1566811754524662
